{"cameraMode":{"drawMode":0,"name":"Shaded","section":"Shading Mode"},"sceneLighting":false,"audioPlay":false,"sceneViewState":{"m_AlwaysRefresh":false,"showFog":true,"showSkybox":false,"showFlares":true,"showImageEffects":true,"showParticleSystems":true,"showVisualEffectGraphs":true,"m_FxEnabled":false},"in2DMode":false,"pivot":{"x":2.0807812213897707,"y":3.6271212100982668,"z":-2.0176329612731935},"rotation":{"x":0.11972599476575852,"y":-0.22724471986293794,"z":0.028246819972991945,"w":0.9661738276481628},"size":4.1575422286987309,"orthographic":false}