{"cameraMode":{"drawMode":0,"name":"Shaded","section":"Shading Mode"},"sceneLighting":false,"audioPlay":false,"sceneViewState":{"m_AlwaysRefresh":false,"showFog":true,"showSkybox":false,"showFlares":true,"showImageEffects":true,"showParticleSystems":true,"showVisualEffectGraphs":true,"m_FxEnabled":false},"in2DMode":false,"pivot":{"x":0.45231714844703677,"y":-5.7495927810668949,"z":3.6141631603240969},"rotation":{"x":0.5888577699661255,"y":0.00002722827957768459,"z":0.006040159612894058,"w":0.8082307577133179},"size":7.089217185974121,"orthographic":false}