{"cameraMode":{"drawMode":0,"name":"Shaded","section":"Shading Mode"},"sceneLighting":false,"audioPlay":false,"sceneViewState":{"m_AlwaysRefresh":false,"showFog":true,"showSkybox":false,"showFlares":true,"showImageEffects":true,"showParticleSystems":true,"showVisualEffectGraphs":true,"m_FxEnabled":false},"in2DMode":false,"pivot":{"x":-2.5073132514953615,"y":5.044790267944336,"z":0.6821813583374023},"rotation":{"x":-0.0015715064946562052,"y":-0.9939249753952026,"z":0.10958515852689743,"w":-0.014617331326007843},"size":7.514721393585205,"orthographic":false}