{"cameraMode":{"drawMode":0,"name":"Shaded","section":"Shading Mode"},"sceneLighting":false,"audioPlay":false,"sceneViewState":{"m_AlwaysRefresh":false,"showFog":true,"showSkybox":false,"showFlares":true,"showImageEffects":true,"showParticleSystems":true,"showVisualEffectGraphs":true,"m_FxEnabled":false},"in2DMode":false,"pivot":{"x":0.00021529197692871094,"y":-0.49999991059303286,"z":0.00048422813415527344},"rotation":{"x":0.5606561899185181,"y":0.004785933997482061,"z":0.0026720985770225527,"w":0.8280510902404785},"size":7.089217185974121,"orthographic":false}