{"cameraMode":{"drawMode":0,"name":"Shaded","section":"Shading Mode"},"sceneLighting":false,"audioPlay":false,"sceneViewState":{"m_AlwaysRefresh":false,"showFog":true,"showSkybox":false,"showFlares":true,"showImageEffects":true,"showParticleSystems":true,"showVisualEffectGraphs":true,"m_FxEnabled":false},"in2DMode":false,"pivot":{"x":0.00021529197692871094,"y":-0.49999991059303286,"z":0.00048422813415527344},"rotation":{"x":0.5227063894271851,"y":0.02894551493227482,"z":-0.012021954171359539,"w":0.8519467711448669},"size":7.089217185974121,"orthographic":false}