{"cameraMode":{"drawMode":0,"name":"Shaded","section":"Shading Mode"},"sceneLighting":false,"audioPlay":false,"sceneViewState":{"m_AlwaysRefresh":false,"showFog":true,"showSkybox":false,"showFlares":true,"showImageEffects":true,"showParticleSystems":true,"showVisualEffectGraphs":true,"m_FxEnabled":false},"in2DMode":false,"pivot":{"x":0.029120974242687227,"y":-0.8260529637336731,"z":-1.830478310585022},"rotation":{"x":-0.0010735578835010529,"y":-0.9124077558517456,"z":0.4094378352165222,"w":-0.002486978191882372},"size":12.003395080566407,"orthographic":false}