{"cameraMode":{"drawMode":0,"name":"Shaded","section":"Shading Mode"},"sceneLighting":true,"audioPlay":false,"sceneViewState":{"m_AlwaysRefresh":false,"showFog":true,"showSkybox":true,"showFlares":true,"showImageEffects":true,"showParticleSystems":true,"showVisualEffectGraphs":true,"m_FxEnabled":false},"in2DMode":false,"pivot":{"x":-0.8932775259017944,"y":42.15754699707031,"z":-3.3299221992492677},"rotation":{"x":0.21087828278541566,"y":0.31793883442878725,"z":-0.06737640500068665,"w":0.9219662547111511},"size":22.366270065307618,"orthographic":false}