{"cameraMode":{"drawMode":0,"name":"Shaded","section":"Shading Mode"},"sceneLighting":true,"audioPlay":false,"sceneViewState":{"m_AlwaysRefresh":false,"showFog":true,"showSkybox":true,"showFlares":true,"showImageEffects":true,"showParticleSystems":true,"showVisualEffectGraphs":true,"m_FxEnabled":false},"in2DMode":false,"pivot":{"x":179.35308837890626,"y":-90.84872436523438,"z":125.07820892333985},"rotation":{"x":0.2220672070980072,"y":0.43315011262893679,"z":-0.11091066151857376,"w":0.8666343688964844},"size":149.47296142578126,"orthographic":false}