{"cameraMode":{"drawMode":0,"name":"Shaded","section":"Shading Mode"},"sceneLighting":true,"audioPlay":false,"sceneViewState":{"m_AlwaysRefresh":false,"showFog":true,"showSkybox":true,"showFlares":true,"showImageEffects":true,"showParticleSystems":true,"showVisualEffectGraphs":true,"m_FxEnabled":false},"in2DMode":false,"pivot":{"x":32.1556510925293,"y":-42.239402770996097,"z":47.46183395385742},"rotation":{"x":0.5054399371147156,"y":0.0013116772752255202,"z":-0.000683173886500299,"w":0.863025426864624},"size":61.977901458740237,"orthographic":false}