{"cameraMode":{"drawMode":0,"name":"Shaded","section":"Shading Mode"},"sceneLighting":true,"audioPlay":false,"sceneViewState":{"m_AlwaysRefresh":false,"showFog":true,"showSkybox":true,"showFlares":true,"showImageEffects":true,"showParticleSystems":true,"showVisualEffectGraphs":true,"m_FxEnabled":false},"in2DMode":false,"pivot":{"x":56.59920883178711,"y":-25.283851623535158,"z":146.77285766601563},"rotation":{"x":0.16443251073360444,"y":0.039931971579790118,"z":-0.006614442449063063,"w":0.9856095314025879},"size":115.26873016357422,"orthographic":false}