{"cameraMode":{"drawMode":0,"name":"Shaded","section":"Shading Mode"},"sceneLighting":true,"audioPlay":false,"sceneViewState":{"m_AlwaysRefresh":false,"showFog":true,"showSkybox":true,"showFlares":true,"showImageEffects":true,"showParticleSystems":true,"showVisualEffectGraphs":true,"m_FxEnabled":false},"in2DMode":false,"pivot":{"x":20.873659133911134,"y":-108.30685424804688,"z":158.80099487304688},"rotation":{"x":-0.3186540901660919,"y":0.0034096240997314455,"z":-0.0011450230376794935,"w":-0.9478709697723389},"size":126.38768768310547,"orthographic":false}