{"cameraMode":{"drawMode":0,"name":"Shaded","section":"Shading Mode"},"sceneLighting":true,"audioPlay":false,"sceneViewState":{"m_AlwaysRefresh":false,"showFog":true,"showSkybox":true,"showFlares":true,"showImageEffects":true,"showParticleSystems":true,"showVisualEffectGraphs":true,"m_FxEnabled":false},"in2DMode":false,"pivot":{"x":44.135257720947269,"y":-41.704444885253909,"z":52.9494743347168},"rotation":{"x":-0.45539021492004397,"y":0.0005320805939845741,"z":-0.0002719337644521147,"w":-0.8902932405471802},"size":58.264976501464847,"orthographic":false}