{"cameraMode":{"drawMode":0,"name":"Shaded","section":"Shading Mode"},"sceneLighting":true,"audioPlay":false,"sceneViewState":{"m_AlwaysRefresh":false,"showFog":true,"showSkybox":true,"showFlares":true,"showImageEffects":true,"showParticleSystems":true,"showVisualEffectGraphs":true,"m_FxEnabled":false},"in2DMode":false,"pivot":{"x":20.529808044433595,"y":-9.642852783203125,"z":29.49162483215332},"rotation":{"x":0.4646371006965637,"y":0.018567370250821115,"z":-0.009799210354685784,"w":0.8853201270103455},"size":47.98002624511719,"orthographic":false}