{"cameraMode":{"drawMode":0,"name":"Shaded","section":"Shading Mode"},"sceneLighting":true,"audioPlay":false,"sceneViewState":{"m_AlwaysRefresh":false,"showFog":true,"showSkybox":true,"showFlares":true,"showImageEffects":true,"showParticleSystems":true,"showVisualEffectGraphs":true,"m_FxEnabled":false},"in2DMode":false,"pivot":{"x":34.9560546875,"y":-209.54690551757813,"z":167.89053344726563},"rotation":{"x":0.4694635570049286,"y":0.008439643308520317,"z":0.0010395690333098174,"w":0.8829147219657898},"size":148.26589965820313,"orthographic":false}