{"cameraMode":{"drawMode":0,"name":"Shaded","section":"Shading Mode"},"sceneLighting":true,"audioPlay":false,"sceneViewState":{"m_AlwaysRefresh":false,"showFog":true,"showSkybox":true,"showFlares":true,"showImageEffects":true,"showParticleSystems":true,"showVisualEffectGraphs":true,"m_FxEnabled":false},"in2DMode":false,"pivot":{"x":40.08356475830078,"y":-37.222816467285159,"z":6.388522624969482},"rotation":{"x":-0.43923869729042055,"y":0.014011099003255368,"z":-0.006851735524833202,"w":-0.8982372879981995},"size":34.62710952758789,"orthographic":false}