{"cameraMode":{"drawMode":0,"name":"Shaded","section":"Shading Mode"},"sceneLighting":true,"audioPlay":false,"sceneViewState":{"m_AlwaysRefresh":false,"showFog":true,"showSkybox":true,"showFlares":true,"showImageEffects":true,"showParticleSystems":true,"showVisualEffectGraphs":true,"m_FxEnabled":false},"in2DMode":false,"pivot":{"x":29.276166915893556,"y":-48.60319900512695,"z":54.611907958984378},"rotation":{"x":0.4094685912132263,"y":-0.0027572482358664276,"z":0.001243610866367817,"w":0.9124769568443298},"size":61.977901458740237,"orthographic":false}