{"cameraMode":{"drawMode":0,"name":"Shaded","section":"Shading Mode"},"sceneLighting":true,"audioPlay":false,"sceneViewState":{"m_AlwaysRefresh":false,"showFog":true,"showSkybox":true,"showFlares":true,"showImageEffects":true,"showParticleSystems":true,"showVisualEffectGraphs":true,"m_FxEnabled":false},"in2DMode":false,"pivot":{"x":29.776737213134767,"y":-30.453380584716798,"z":42.09687423706055},"rotation":{"x":0.45534655451774599,"y":-0.01865559257566929,"z":0.009686974808573723,"w":0.8902163505554199},"size":45.63554000854492,"orthographic":false}